{"cameraMode":{"drawMode":0,"name":"Shaded","section":"Shading Mode"},"sceneLighting":true,"audioPlay":false,"sceneViewState":{"m_AlwaysRefresh":false,"showFog":true,"showSkybox":true,"showFlares":true,"showImageEffects":true,"showParticleSystems":true,"showVisualEffectGraphs":true,"m_FxEnabled":true},"in2DMode":false,"pivot":{"x":49.79005432128906,"y":180.28912353515626,"z":1100.58447265625},"rotation":{"x":0.2699001431465149,"y":-0.012999326921999455,"z":0.0036645003128796818,"w":0.9628124833106995},"size":1108.77490234375,"orthographic":false}