{"cameraMode":{"drawMode":0,"name":"Shaded","section":"Shading Mode"},"sceneLighting":false,"audioPlay":false,"sceneViewState":{"m_AlwaysRefresh":false,"showFog":true,"showSkybox":false,"showFlares":true,"showImageEffects":true,"showParticleSystems":true,"showVisualEffectGraphs":true,"m_FxEnabled":true},"in2DMode":false,"pivot":{"x":-4.324798583984375,"y":5.950329780578613,"z":1881.655029296875},"rotation":{"x":-0.4134198725223541,"y":0.0006501414463855326,"z":-0.00023071961186360568,"w":-0.9110555052757263},"size":32.22201919555664,"orthographic":false}