{"cameraMode":{"drawMode":0,"name":"Shaded","section":"Shading Mode"},"sceneLighting":false,"audioPlay":false,"sceneViewState":{"m_AlwaysRefresh":false,"showFog":true,"showSkybox":false,"showFlares":true,"showImageEffects":true,"showParticleSystems":true,"showVisualEffectGraphs":true,"m_FxEnabled":true},"in2DMode":false,"pivot":{"x":431.18878173828127,"y":798.8189086914063,"z":-115.6577377319336},"rotation":{"x":-0.020096775144338609,"y":0.007142029237002134,"z":0.0007089715800248086,"w":0.9999104738235474},"size":789.472412109375,"orthographic":false}