{"cameraMode":{"drawMode":0,"name":"Shaded","section":"Shading Mode"},"sceneLighting":false,"audioPlay":false,"sceneViewState":{"m_AlwaysRefresh":false,"showFog":true,"showSkybox":false,"showFlares":true,"showImageEffects":true,"showParticleSystems":true,"showVisualEffectGraphs":true,"m_FxEnabled":true},"in2DMode":false,"pivot":{"x":0.23661349713802339,"y":-0.10846006870269776,"z":0.14540642499923707},"rotation":{"x":-0.3029491901397705,"y":-0.09210322052240372,"z":0.028268180787563325,"w":-0.948695182800293},"size":0.47805845737457278,"orthographic":false}